4.642079108,5.461986821
4.560937033,-10.44935259
7.285685945,-8.925598889
1.065209965,7.643717071
12.48555328,-0.948756689
7.440193143,11.24096468
-6.331108078,5.991652673
-0.02448114,-10.88962928
6.270367952,1.454564172
11.56864881,5.998234889
-0.158968201,7.907756216
4.889525596,-10.28176549
6.396632929,-0.093656561
9.57026628,9.473936258
5.726435014,-1.759292222
1.246832489,-11.06949822
4.662052105,5.490891105
-9.221443186,-3.105319631
-2.050853967,7.898813416
-6.375251087,6.002682109
12.33488558,-0.466507118
0.935166224,-11.16000548
-6.51894055,-8.018705042
2.956911124,-10.8552209
2.822872752,-4.346150941
1.829978532,7.310012267
12.5370273,-0.985524035
-4.151908215,7.29908546
12.69416217,0.230544793
-1.581891532,7.993347976
2.912012846,-4.460775423
4.910935844,12.58797312
1.504832978,-4.581411067
-2.171837719,7.949722537
-6.464449183,5.965474698
9.950314575,8.585791103
4.267627461,-3.56877452
-7.955302959,3.839796648
-7.775627508,4.216676661
10.07634287,-6.585884599
11.88751929,4.761771759
4.527076857,-3.309255779
12.08269963,-2.573347194
4.38901766,5.739312258
-8.094473069,-5.909675222
11.64843369,-3.236567251
3.824065922,-3.938195532
-7.364489355,-7.374190374
5.302663511,-9.987223942
-5.347870755,-9.080385801
-9.485588581,-1.823843447
-9.352921253,-0.384617722
12.50145466,1.999602046
11.81656386,5.422023208
-5.744211383,-8.501461372
6.44011082,0.556542972
2.074261571,-4.804186509
2.746802111,-4.663351101
5.441256232,-2.269493728
9.86580709,8.828014569
4.483439124,-3.516768043
-6.511420104,5.530975089
-8.327027727,-5.521235137
11.46107942,5.898244875
0.077358782,14.16146473
6.788398388,11.7815111
-8.519964247,3.070449679
5.982871167,-1.40130338
-9.291575884,1.543534878
10.52952261,8.152180169
0.308195746,-11.08593461
-8.806884661,-4.434878339
12.2526837,3.896915711
9.157794752,-7.495000166
10.90602114,7.261117927
-9.181721929,-3.219764261
5.365225493,12.59935844
8.876928114,10.09569607
-9.31862409,-2.697007371
-8.873958229,-4.615642205
1.539220612,-11.09498689
12.5249595,-1.054440136
-3.289830461,-9.973516658
4.629261323,-10.54937118
4.424307838,5.567532107
-7.455544961,4.778618911
1.051320618,-11.02055094
6.40991611,12.09076153
9.747980358,9.289591488
5.501296728,4.387826769
11.01151977,7.307868162
-0.737310615,7.776065219
-2.867150677,-10.05178262
5.604102418,4.251402946
-3.480641989,-10.04815621
-3.614638541,7.59846256
2.196653014,-10.9036627
4.983358599,4.945574045
-5.467005837,6.378467394
-1.747581231,-10.6615168
2.445469062,-4.527423361
5.719454087,3.991460037
-6.435421813,-8.110512987
4.071838614,-3.80904938
-3.170624262,7.542138763
-3.057575796,7.577250781
10.52815867,7.970619145
7.054619223,-9.386778673
5.397649942,12.74596471
4.167625913,-3.494426008
4.944410865,-2.805215061
-9.462030297,-1.667354716
0.687317284,-11.06381129
-8.652895825,-4.891832544
5.860530741,3.366203797
7.946212693,10.8549257
3.117353531,-4.472735181
2.385468137,-4.645267699
6.420995019,0.672451883
5.285095811,-2.534542526
6.33105461,-0.448912068
0.241560026,-4.810493897
-9.617840222,-0.041124877
-4.0416738,7.325468016
10.44496624,-5.849473749
-7.354876749,-6.839180928
9.182994402,-7.4900695
1.956151447,7.405538576
1.449265625,-4.720125246
11.19396338,7.078539337
3.174777464,6.792366001
1.944136909,-4.851229676
-8.525554454,3.094647624
-0.916562586,-10.94976085
4.728272218,5.472963472
2.914158723,-4.533612608
10.5685618,7.975315869
0.193624348,-11.05653348
-5.592900777,6.409874656
2.250392037,-4.75552654
-8.263463457,3.608152989
-7.083248853,-7.180264705
6.120195264,2.814102355
5.68231159,-1.554582012
0.447701793,14.02511457
0.824287816,-11.07509699
9.214314976,-7.410631009
-9.387105155,-3.187451886
3.737841512,-10.58444444
12.41103844,1.384283478
10.30320219,8.018227833
1.383209312,7.468019157
4.160033753,5.849909791
-6.448447512,-7.955682714
-5.594056163,-8.837229157
-8.488352155,3.129381147
3.009010637,-10.72763452
11.6001336,-3.934417599
9.763730511,-6.853618826
-5.922948817,6.218238461
8.011661771,11.07938069
10.98805328,7.453260748
-4.292390109,-9.676986236
-7.525267545,4.656253794
1.349944742,7.613602418
-9.315055019,0.86272429
-8.841610744,-4.67728863
5.233116388,12.72724066
6.103985525,-0.158594776
6.102781718,-9.709083094
12.48430745,1.639475305
3.734289693,-3.817786823
-2.693608796,-10.31716722
-9.372980296,-0.974247148
-3.322102395,7.45824839
0.531065003,-4.821573467
4.568469989,-3.449624274
6.142648528,-0.833150382
0.499314419,-4.841005608
6.299926391,2.306513903
6.235722338,2.267590833
11.86204013,5.414092792
-7.086091077,-7.329385549
4.396490757,-3.825156569
12.32616778,-1.393862976
12.11950541,4.503508156
5.006137361,12.61074254
7.893615396,10.92064984
2.893723538,-10.76384464
6.137964306,2.663551456
-7.174062105,4.965745623
4.536855703,-3.064514101
12.31208673,-1.44421463
-8.683499967,-4.753075595
0.754196427,-5.009795333
5.007373617,-2.778480418
-9.22422025,1.088408178
1.15166404,-4.637282882
6.284045008,0.857811812
2.659232995,7.226988212
-3.50196856,-9.940745483
4.225525836,-10.49276251
6.305381763,-0.465982702
-8.75382511,-4.47984818
11.50868936,-4.396990612
1.080136346,-4.75041762
-7.862705224,-6.436475863
9.879193399,9.028125266
-6.280347323,-8.325942713
-1.54748717,7.997875195
6.563876611,11.89946963
4.748627776,-3.11512768
11.97507541,5.134359037
12.27072815,-1.850177603
0.365460893,-4.709231824
-8.707158385,2.127697435
11.02538325,-4.639486771
-3.643709719,7.470134763
3.20244465,-4.321998387
8.427509361,10.60670175
3.112974383,6.65047544
1.258466173,7.396605888
-8.619794086,-4.644315497
-3.884124808,7.401833067
-9.258002866,0.540548298
7.855022262,-8.675962319
-9.130578488,1.442776485
3.26163026,6.694424867
-8.098786183,3.923039845
1.027755476,-4.947258969
-0.892522591,8.005294062
2.551771929,-4.512017291
-9.529165081,-0.284066963
5.821838409,-1.424445677
12.50939405,2.98320201
5.403348461,4.448962346
5.890066028,-1.195689251
9.574595086,-7.29412496
6.120890748,2.78688256
-9.454460025,-2.20420479
-3.342726407,7.780134221
-3.906411519,-10.00378577
8.136645457,10.40790242
-2.08673496,8.073639667
-2.183160003,7.790280934
3.843689521,6.011960831
5.958451151,3.450518922
-9.499872963,-0.416244583
5.321497373,12.54262409
-7.215141312,4.929345798
11.38099593,6.552983068
-3.144945738,7.801642246
5.595994635,4.257120848
12.44654259,0.235924926
5.900012404,-1.071895691
-3.633675001,-10.04992714
11.61490831,5.569595025
-2.628252607,-10.38174887
3.230590519,-4.502246837
6.321759957,0.264564992
-5.388014704,6.763654456
-7.892930877,-6.294864394
4.979130158,-3.026592211
3.859240844,-3.764182413
1.371537061,-4.837569033
9.550053468,-7.201546121
-9.355561222,-2.000205172
-0.780754065,7.910801352
6.025057173,2.972718563
5.761283797,3.721164966
-6.329763702,6.022510255
2.706331865,-10.82342373
6.288649516,0.805301155
2.359079769,7.230087618
-6.676452096,5.806635183
-3.835540366,-9.680361899
-6.83003963,5.173871733
4.686617156,-3.185543313
6.251003867,-0.195357932
11.28297166,-4.501731288
2.664867319,-4.360241689
-8.715001779,2.584863407
-9.411585895,1.016633191
-1.046970865,-10.79208632
6.360925929,0.656838125
-0.214958883,7.813516445
5.294026517,4.248680251
2.144283353,-11.00890435
-2.09977111,-10.55407711
-4.223729078,7.319361922
2.664983306,-11.0385684
0.613979117,14.19392255
5.944194954,3.691363051
0.564243175,-4.680678909
12.25181805,3.691844199
11.10081225,-4.637234653
12.32117372,4.524042869
-6.279672891,5.891780902
-9.37518837,-1.107904586
6.555383604,0.709975937
6.127818665,12.37478508
1.506471442,-11.00596527
0.091358026,7.94663429
2.931375846,-10.85960686
4.310616103,-3.900905537
-3.931745665,-9.661494058
-0.628791571,7.960808474
0.981422698,7.823921529
5.677538676,3.862012097
-6.431289321,-7.932700424
-9.199292717,-3.50177358
-3.653351794,-10.03328961
1.94644467,-4.552053438
12.70843843,1.515984788
3.858521939,-10.45648345
0.563149997,-4.766755598
4.810214036,5.089148269
1.932600836,-4.745633388
6.321792691,0.985139052
6.141667235,12.4322722
-2.601856701,7.595993864
-1.34408638,-10.76147678
1.866039791,7.36181972
0.40447481,7.838320336
4.607310721,-3.209110863
-3.273938265,7.681978116
-8.458372985,3.035322409
-8.019075196,4.055973019
2.216479704,-10.92924301
-9.377131436,-0.441589933
4.418667758,5.661843089
-8.343271428,3.396557479
-2.040962934,-10.60943114
2.970349631,6.582776392
-1.435269316,-10.65243509
6.319065789,2.380737647
-2.854438876,7.778942298
11.19915379,6.544619975
4.150271978,-3.662790689
0.148459108,7.781140145
-9.434744262,-2.30552398
3.296739691,-10.8936148
7.266040386,11.50297907
6.537720368,0.836498994
-3.780987506,-9.872610151
-9.022734282,-4.215633537
-4.962120728,-9.315823206
2.460685715,7.10972474
4.678696078,-3.102732301
10.54842619,8.084244294
4.842874734,5.204563405
-4.151548297,-9.770891898
10.29920983,-6.196801799
-0.597716319,-10.79329141
6.408766589,1.411309613
8.241604422,10.68471111
-8.981160037,-3.927899574
4.948950574,-3.167651592
-7.078349686,-7.163794719
11.67272915,-3.54161635
4.882498474,-3.073048162
11.76692415,5.905322438
-9.018157499,-3.997248411
-8.949494378,-4.408538873
1.966378629,-10.95529416
-8.334086484,3.843652473
4.165684225,-10.59701791
-8.604062075,2.662319485
-2.324042457,-10.49040531
6.048635848,-0.956141225
12.44023297,-1.314345307
5.980782175,-0.897718028
1.561880475,7.415843651
1.192156345,-4.767836872
-9.196507021,1.774977671
9.949061953,-6.519688039
5.731944875,-1.882978203
-2.993291301,-10.22384057
12.80974062,0.86800184
4.823882322,5.060571555
9.278842802,-7.461636763
-4.267323717,7.203316405
6.278342303,0.392884661
12.43539644,3.306155015
-1.519267617,-10.88409839
4.761263453,-3.258219734
5.203134105,12.70120801
4.93029932,-2.657367965
6.233660452,2.794632893
-4.955495221,6.747657162
-6.554573614,-7.936907135
6.865515501,11.83066958
9.718955438,9.198042287
9.865647376,8.889413296
3.691383869,-10.73426078
2.27727862,-4.516766403
-2.465900251,7.722298727
-1.121228929,-10.89815867
0.862552213,7.674152566
-7.213238366,5.026722854
1.874910563,-4.769930405
-7.932353854,-6.106143665
-0.172941341,7.860694926
0.478500771,14.04161015
-4.582523384,-9.494471971
3.518977818,6.53601061
5.477173511,3.921777382
-1.111067143,7.988501531
6.233579577,1.782841313
-9.169421085,-3.368521703
-4.854162791,6.774628284
5.729311018,3.99384626
6.323425919,-0.214838985
6.266097598,1.493554074
10.68570483,-5.843888869
6.249503566,2.318701017
-2.722827697,7.704679711
10.56966358,-6.215401869
11.04843207,-4.707182714
4.870694007,5.002986123
6.513683064,0.924583526
5.124725397,4.612476979
12.46067871,0.561340461
-6.244554581,-8.466838716
-9.069013163,-3.064353223
2.075054916,-4.692280584
12.64152882,0.570494873
5.865955331,-1.352381886
3.446352095,-4.005311766
5.596804593,12.60109188
-0.356787219,7.960642163
-2.336367766,-10.51259772
-9.022923428,1.7251299
-9.465383253,-0.55279289
-1.548570439,8.01157275
-8.655690007,-4.515896379
-9.433258198,0.25280351
5.261416821,-10.3162286
9.605267037,9.319100358
-9.075187335,1.481577477
-9.104558553,-3.712303621
0.360874185,-11.14764363
-5.206482965,-9.079114962
-9.377704447,-1.747870383
1.612869694,-11.01844566
1.788824708,-11.1092492
5.937780788,2.51955722
2.842686443,7.037327289
0.322176501,7.867541618
3.049136627,13.68789089
4.120960434,13.15127775
5.715062448,4.061595049
0.640617276,-4.753487826
3.749694764,6.24400711
6.192229792,-0.846059009
3.215898953,-10.68881885
-6.931709134,5.342019251
10.33759998,8.224892523
0.013642476,-4.743981468
-9.369782983,-0.840250642
-1.574461322,-10.84755475
10.81206162,7.372429922
-0.642043643,7.966472994
-7.430399012,4.868440547
6.187405887,12.32567032
11.86760923,5.145765246
-7.795038658,-6.326649518
4.067266251,5.959581031
-6.275630069,-8.305412855
1.998709521,-10.79489007
11.80364387,5.195864062
0.795661199,-4.866523317
-3.262535102,-10.30855255
4.773371619,-3.076023336
11.84972756,-2.800584482
12.52356935,-0.143511734
3.410682826,6.50762092
6.428674377,0.896219136
5.750202864,-1.762168828
12.2334538,-1.937119866
-5.73687013,-8.528302951
12.45697049,0.708214921
8.279877123,-8.337469505
-3.410858807,-10.1015338
6.314415682,-0.841564834
10.134466,-6.272577631
3.834567891,6.212125782
4.806957075,-3.16447828
8.006790928,-8.728657221
-5.268111757,6.854133134
1.164884993,7.670458795
0.533329406,7.737946644
4.373991634,-3.584947137
-8.545649351,3.207028462
7.497264521,11.08006912
7.674179995,-8.827084017
-8.98882412,1.62239597
3.119476333,-4.274786684
-0.814307604,8.040213508
1.56956114,13.85674406
-1.917580881,7.724629307
-9.050970429,-4.08601784
-9.136481868,1.236331352
5.309338822,12.44044129
10.00180089,8.794972638
-8.917609691,-4.113513432
8.706250644,10.02444661
-5.917643977,-8.462564296
-9.289928756,1.367395894
4.618861064,-3.343972381
-4.19756308,7.126910414
6.395843132,0.132633966
2.352656578,-4.573299126
8.788737005,-7.553493628
6.22999264,2.15717941
-8.447020741,-5.447479678
5.854156254,-1.53632913
-3.264846842,7.610992297
-0.713475122,-10.84510571
-8.536384621,-4.745925415
3.940733693,13.40075296
-4.712649016,-9.302056523
-7.489974293,-7.047425188
-3.875010978,7.413609949
-4.106552228,-9.888607561
-8.479347046,3.116557763
1.840429815,13.96273653
-2.864004414,7.606187685
2.692580673,6.914204793
4.903807166,-2.840161976
-9.353550173,-3.262954931
4.664097001,-3.212492958
12.36363057,3.719772985
3.256598731,6.881015537
5.826354267,-1.524304889
5.658870655,-1.966211154
3.983557333,6.125892137
5.497801985,-2.264289481
8.242710543,10.81339752
-9.403389526,-2.008125337
1.652207875,7.477588483
5.911565013,2.800439112
1.849325937,-4.711126844
2.318431885,-4.560427828
7.22137031,11.57859802
-9.427368172,-1.741021017
-8.941894856,-4.33028257
1.462008124,-4.759043373
3.497250885,-4.188710246
4.830359931,12.83208084
6.55802602,0.274996754
12.53069663,1.260196263
-9.304448002,1.137939191
1.996454013,13.83204631
0.981226613,13.94122111
-2.906633164,7.669270855
-2.412976961,-10.52937925
7.15923203,11.47456288
10.33683955,8.084014511
5.922223765,3.011018999
7.537195123,-8.938516812
3.783388654,6.287356809
6.104311715,-0.862893126
6.362016236,1.180932604
-5.944421565,6.328399409
0.860144884,-10.9523683
1.910851486,-4.811498107
1.749980933,-10.81649383
2.11170439,13.78946604
-7.194589176,-7.372898955
6.409256609,1.366601156
-6.218706535,5.851247453
5.88413473,-1.537514429
-3.413505404,-10.15570744
0.889322031,-10.98063812
3.120054263,6.74588709
5.914136384,-9.745461973
6.364852734,-0.025450958
-3.905186791,-10.08460493
-2.870926544,7.781109455
5.890956309,-1.660338626
8.73343575,10.058843
6.100881146,2.257274754
5.735085018,3.629302588
5.369826562,-2.539609292
4.22446436,-3.660812647
-9.318625101,-0.812326242
6.090809506,-0.849872731
12.34039981,4.024477029
0.331196405,7.777378915
-3.914200547,7.330400508
5.673898457,3.755753496
0.061513373,-11.16595671
1.130127029,7.550245562
3.561369576,-4.25239306
-7.219507315,5.081562423
2.914029238,6.713091169
11.90911143,-3.006771124
6.013063695,-1.35817533
3.422837796,-4.160830275
7.866564115,10.99222594
3.835116336,6.102752723
7.455219825,-9.018241314
5.651801412,-1.659979281
-8.382620424,3.877253175
-0.120804859,-4.749169957
-6.366868574,-7.829787461
6.369826317,12.07175699
10.83689114,-5.293553776
4.364222408,-10.41634611
5.535169118,-2.105955339
-5.696534101,-8.955559103
-5.776956113,-8.54662457
4.938425099,-3.005384856
-8.781683867,2.780074209
5.425545108,-2.279174019
-4.058830394,7.157843328
1.69761123,-11.08795958
0.732461375,-11.17402237
11.94723759,4.69101745
3.343177956,6.652516881
0.112243341,-4.794507766
6.383191371,0.196505328
7.802690029,-8.405335883
5.079288675,-2.909364716
10.80734749,-5.299842682
-5.158565943,6.58566222
9.743089701,9.077654062
5.961342261,3.669075401
5.620422825,4.041405486
4.683349832,-3.130486008
1.829646567,7.331077124
6.526360387,1.097363817
-5.075274886,-9.134231155
2.593327705,-4.538149745
11.79024884,-3.497272754
-8.228580425,3.853750821
-8.139398488,4.086845125
2.096954727,-4.569881029
3.746462288,13.42863321
-2.012634046,7.850202116
5.469990026,4.221588039
2.396415527,-4.456674906
4.368344855,-3.389546598
-6.640748125,5.789288066
1.939941028,7.416109666
6.094438592,-0.280438221
5.924467956,-1.598945685
-2.875610764,7.72385401
-9.539403874,-0.213643333
12.74104859,1.825101473
-8.249131544,3.819190642
1.884047394,-4.648828303
1.732677473,-11.09932034
10.44456518,-5.846937804
-9.378333433,-0.76908608
5.935003531,2.965737158
-3.123266515,7.709931056
-5.50152566,6.491281686
-9.108550267,-3.937615928
5.545840855,-1.927208214
5.898488891,12.27931168
12.45958223,1.44906294
0.431471836,13.99798534
0.070540612,14.0216844
2.830247999,-4.554708833
5.243260382,-2.370206528
-9.303347615,-1.888189535
12.30391219,4.16332
-6.19276438,6.157652157
5.206933213,4.438552118
12.67476776,0.240108154
-9.515577514,-2.298866213
-7.606168058,4.77295338
1.86675863,-4.664787853
9.651216489,-7.131429659
-9.485566817,-2.057123933
3.995827419,-4.006956554
3.532346736,-10.83341322
3.962686072,6.021489445
-7.739267285,-6.993886493
10.6468623,-5.757830977
-4.750934096,-9.408264347
12.3889683,2.295795335
-4.020881781,7.133920027
-9.570624978,-1.287993598
3.058408205,-4.340695287
6.305876768,0.354727967
-4.574440852,6.894714112
6.121349236,1.850017629
1.429815413,-10.97963612
9.100273863,9.84233199
-9.05001855,-3.403043488
4.423574846,5.885016655
3.819883935,13.22082856
5.457868698,-2.251516364
6.032101427,2.978199581
12.69092737,1.559434132
12.2134182,5.018978252
-9.191429069,-3.939764763
12.42613617,2.763327374
2.61002821,7.116390293
3.478280756,-10.71294904
6.185435133,2.331725711
-7.312171014,5.115606117
8.792656686,-7.884820969
1.2670243,7.486730836
10.79281634,-5.398972582
-2.231321871,7.784104913
-1.332046619,-10.77495461
-1.384967671,8.006249577
4.914038529,5.064610566
-6.127153129,6.119277671
10.12964789,-6.387664838
8.195352272,-8.498113955
0.192350543,-4.801990072
-6.937704954,-7.691866641
-6.306998127,5.851331953
-1.534199304,8.119121787
11.5494055,6.785858942
12.36897559,3.663022178
2.001073492,-4.690369277
0.148620355,-4.773502846
12.44180501,-1.384558609
5.298240474,4.540709727
-9.334770387,-0.429891166
-8.814111906,-3.904585871
-6.038496315,-8.450293976
-8.879668199,2.567105297
-5.506358165,-8.797343498
6.121500186,-9.797328837
-8.271319172,-5.796576489
9.866081881,-6.688794424
-6.246984047,6.00673706
12.49242966,0.493200621
-3.464283441,7.561337901
5.951181875,3.69408616
-1.153326249,-10.77460251
12.50525716,3.077114752
2.321364903,-10.97742683
-4.297335715,-9.596497047
-1.438886359,-10.68942218
2.576560289,7.064296923
-7.957856749,-6.018582161
-0.636836144,-11.04471019
5.810240833,3.716739796
10.32736645,8.29036024
11.88599709,5.651537294
10.87150025,-5.219815154
0.5572924,13.99857257
-5.472320087,-8.861054315
12.48239972,2.512721674
2.189506955,7.285788078
11.19156081,6.522315887
-5.874584762,-8.720849022
5.425876227,-2.215219413
5.749216895,3.515410814
4.464705857,-10.46344875
-1.048502049,-10.88998737
-2.984804837,-10.38448543
-8.753008524,2.932537661
2.108312483,7.118636062
5.997650953,-0.591621909
1.748913798,13.87193414
2.275578354,7.399600653
5.156059533,4.887540295
-9.344402358,-3.220971063
7.331276155,-9.188359853
10.31770716,-6.102872929
12.05581142,-2.382708461
5.707013116,4.172178848
6.171887257,12.34310865
1.380160069,-4.719546276
-6.868917359,-7.53208217
5.711874966,-1.591180069
-2.979155181,-10.38142459
2.059681576,-4.667494905
12.4969781,-0.54217703
-6.162934542,-8.513661112
5.974556646,-1.390586255
0.830776548,7.770375917
-8.152026305,3.758389729
-7.487924268,-6.8978665
10.94566141,7.207083045
1.500635668,-4.783371771
4.545959448,-10.53396264
-2.660570734,7.871681686
4.452529648,13.05000353
3.834144279,6.148612025
-6.998247062,5.37626136
9.649097928,-7.184322233
5.194744942,-10.0586213
0.441632584,-4.745463863
6.057776159,-0.980535274
6.236675702,-0.695719031
-8.009098243,-6.201308313
-9.02821105,-3.400896369
-2.747299513,7.745700398
2.120052245,-4.715885653
3.441703498,13.44297848
9.051479632,9.841386903
6.400685984,0.538302768
3.485147493,-4.100222149
-3.513211759,7.736094531
8.250995627,10.52451101
6.398180355,1.536548098
4.989762199,5.06441674
12.12335184,4.975076514
-6.149306462,-8.227966218
10.90682277,-5.800449654
1.099937059,7.443624719
-4.61223004,7.269919817
-4.547713852,7.25285523
4.445933129,-3.281723481
-0.312934063,7.849049111
-4.913382839,6.594638202
-5.179078793,-9.105552605
3.509358319,-4.088874157
3.65940572,13.38254102
-8.868777492,-3.960800126
5.539155293,-9.969692229
7.788793153,-8.607535054
4.744474155,-10.35781715
12.12827049,4.096254515
6.204599671,3.073099754
3.143110213,-4.268505183
-9.142900297,0.631796075
2.533278476,7.116707855
-8.898242748,-4.198626658
6.085395245,2.90937939
-8.914634827,-4.688760397
6.397708615,1.601890775
-8.863544198,-4.442709615
1.452515693,-4.730122834
12.47852439,2.537031683
11.8764899,5.349521443
4.253022886,-3.465684993
6.234140652,0.627432313
11.30497143,-4.751133325
3.556464835,6.322758471
-5.951556623,-8.492886436
-8.363210148,3.330503948
-4.664382879,7.127922805
3.876131623,6.205752735
3.82662933,6.320611656
-6.115686035,5.997777375
-3.79541667,7.486650328
1.391646293,-11.00773908
-4.872097227,-9.450547596
4.675191909,5.422494101
-7.324858696,-7.03251803
4.897611375,-3.199589798
-7.056886063,5.243412324
4.397342777,5.574837924
-5.21662368,6.903049642
-5.52433087,-8.954231068
-6.815539951,-7.568147307
2.635329264,6.878401943
-1.301251932,-10.83874563
8.84375465,-7.814553283
-4.853841078,6.959181808
5.346277209,12.72721706
-4.532450611,-9.616132808
11.62600799,5.67909716
-6.041809522,6.293518653
6.372910527,1.652653591
-4.514877965,-9.549472756
11.81349839,-3.266381571
-6.155555222,5.856364302
5.937951589,3.533938761
2.939937323,6.943401226
5.267078616,-10.17577538
-7.694650927,4.389806702
2.068423375,7.279080524
-9.564589815,0.18416373
-9.529104699,-0.92131873
-7.186336489,-7.339083075
2.13554444,7.232827057
11.49287024,5.735075157
3.51464898,-4.153300213
-9.570712054,-0.257874566
4.088146765,13.02501898
10.42225234,-5.719927183
5.294490373,-10.25934924
4.909931961,-3.1141636
5.816001542,3.556215875
-9.033751658,1.254946893
-9.449413603,-2.74006573
4.479965519,5.594725079
-8.932116865,2.14611411
-5.310891832,-8.895546174
2.460351306,7.083774363
-2.004549359,7.804628305
6.35659521,0.609587409
12.19585703,-1.531147317
-9.23381833,1.6506298
4.458704713,5.490734191
6.146353114,-0.635975051
-9.387085179,-2.864742506
6.352492269,1.299360699
-6.149775966,6.034858839
-9.495470627,-0.260078915
12.5192098,-0.370061682
-3.915282252,-9.859599382
11.47228408,6.322397706
4.25595654,-10.7107338
11.27399595,-4.608665512
4.53047672,5.463701348
-5.258959755,6.788634874
-4.812206846,-9.150998538
-8.790629508,-4.853491531
7.777788449,-8.625061975
-8.676657104,-4.872914338
3.479566462,-3.976217209
6.377464817,0.982005519
-9.312548374,0.331704572
-1.51269567,7.854550845
4.152745713,-10.55458559
3.436843774,-3.928482453
1.132392559,-4.82885005
-9.341187272,-0.293954035
1.493869032,-4.899059873
2.782687307,-4.587714114
0.311033987,-4.815826205
-9.362169201,-2.943009641
-1.556851247,7.909624269
4.824016628,-3.215792239
11.87159984,5.475470483
-8.880534548,-4.438259474
2.810636142,-4.595693615
5.566997219,-2.104344546
5.254581492,-2.663977886
3.607514022,-4.009229382
5.363594922,-2.215283543
-8.992935368,-3.86091773
5.471126856,12.48661691
6.380901233,0.741085807
2.223611781,7.333667845
12.28963778,-2.232842185
1.968646953,-11.17660337
-4.600964842,7.134231719
0.431474566,-11.2572479
5.577569319,4.233550765
2.483642504,-4.543378322
2.965862511,-4.179002406
2.971773968,-4.167080521
-8.256069851,-5.415245281
3.660039052,-4.039688949
-6.569211219,-7.815097207
-9.016557402,1.867898703
-4.027158275,-9.777228402
2.186578701,-4.468566704
-0.307379627,7.988205485
4.326763834,13.20187843
5.076413778,4.832452374
6.192396285,2.632210829
-1.41886568,7.741301273
-8.126223228,3.867969006
12.16643925,4.770393561
-0.346390107,-10.85858493
1.987929855,-4.774072687
6.085257204,3.062552831
-3.907596749,-9.842705334
-7.573430569,4.328127493
4.050346643,-10.77288195
11.75956486,-3.585840906
6.365832095,0.528112284
6.263388687,1.839080576
2.23515365,-11.14864075
-8.892478921,2.360609775
-7.160316558,5.210181984
2.939808096,-4.517734822
-9.276698175,-3.483183953
-5.956319621,6.267604292
12.61663304,1.819931472
-4.174087146,-9.750994299
-5.237440969,-9.002210746
10.87345389,-5.155615502
3.74481036,6.366856994
-7.293407113,-7.296398884
6.257783975,-0.733303498
8.80002691,10.11910698
-0.809192444,-10.93200647
5.93409637,-1.479146845
5.904578781,2.827183722
1.182853313,7.693549687
11.72874453,-3.300843512
12.36413368,4.083775755
2.327165223,-4.438671367
9.123999542,-7.557321043
11.92150912,-3.560063646
5.903142417,3.333592452
-1.568329769,-10.71155958
0.761430954,-4.852341283
-7.989714913,-6.219369868
5.251172772,-2.782819447
3.576676867,-3.854774548
-7.461097612,4.822770124
6.205911235,-0.331005092
-7.309395534,-7.22867508
3.407576334,6.541633861
-6.738035927,5.482106777
12.72205636,-0.332712476
2.68533305,-4.598435058
6.298098671,2.359413258
3.184086226,-3.988552803
10.09552297,-6.287417244
10.88800404,-4.811291831
-6.150022,-8.406949771
4.10036874,-3.787814296
6.038983687,3.3408415
7.61804362,-8.784872288
6.058985056,3.328657145
-6.659915287,-8.024483786
-8.442845539,2.716090834
0.629897367,-4.800650456
1.401462536,7.451954134
0.881141981,-4.846369128
5.720026133,-10.10132434
10.57824716,8.119934932
-9.194761598,1.601750687
-6.879690749,5.40755615
-1.935342617,7.67024333
6.166119768,2.214306166
3.996824573,6.067507275
5.563392981,4.494297495
6.307940381,-0.446001845
6.843642713,11.90009077
12.57939332,0.051841856
-9.11257645,-3.712073125
6.064844027,-1.163637858
-7.558252909,5.13621941
3.765195249,-10.64229237
-0.636919357,-11.00950173
-9.370811654,-0.895641622
12.35275519,3.143884202
5.053979638,4.955873304
3.009958374,6.739566802
4.583025689,5.21698336
-9.294802629,-0.500639903
-1.26645763,-10.75012444
5.048574579,-2.562629729
3.415919142,-3.99279619
4.349616893,-10.79599753
5.689937227,3.682504932
3.463882353,-4.124242264
0.112819109,-4.797107649
0.982046915,-4.845527889
6.492260181,0.195736106
-1.720586034,-10.88424236
-7.555128473,4.787412423
0.389651692,-4.803203322
-2.93148962,-10.25790098
-7.30273443,5.077510092
2.656783815,13.41946524
4.161837809,-3.532123038
2.51859696,-4.544696314
8.012066645,10.79140567
-8.684264958,-4.691994466
-6.170123105,6.29293956
5.30918515,-10.1078734
-9.430238918,-1.212947278
-7.93823307,4.11352605
10.2544416,-6.109521025
4.052185677,6.250207036
-2.073184211,7.920827901
-4.479927911,7.092946788
5.936188085,3.373071963
5.652775278,3.865524161
-4.666823204,-9.413631898
-0.37833355,-10.99408761
-8.013187284,3.752876946
6.043310781,2.949349021
-6.541226269,-7.858269833
-0.44644217,7.989020203
2.706869603,7.028439399
-3.848915563,7.218165175
3.009628579,-4.431222489
0.869949658,-11.14870609
-0.060599583,7.823501265
11.27580674,6.423986615
-4.572916657,-9.561900361
0.746524372,-4.873644379
3.100507411,-4.02261368
10.9430292,-5.170455092
-5.226613328,6.614172301
0.730706048,-4.70590128
5.63568545,-1.631728863
4.724043298,-3.116595121
-3.274452184,7.588890444
0.168566003,-4.641479994
1.619857747,13.95526233
5.963694669,-0.912139701
2.96649949,-4.561472759
-5.335888208,6.697387891
-0.448853928,-10.98829954
-3.476424516,7.58361582
4.994481983,-10.28584871
6.547870124,2.174092592
11.03100873,-5.276174303
12.49570811,1.247449832
2.804988836,-4.494295245
12.42430822,-1.471101324
3.022629429,-10.8592339
-3.618600468,7.356710937
5.369147636,12.61873804
-4.886923409,6.84054349
5.56836715,4.149901401
1.348290351,-11.12268551
1.491986023,-4.727776635
10.79575371,7.905795447
-8.732197563,-4.666557639
0.153852324,-11.10131125
11.98356806,4.770221892
6.982251521,11.76777304
-0.996441582,-10.90970151
-2.75238296,7.674449583
-7.952174371,-6.041859521
2.88510387,6.961774166
12.51752776,1.83574903
11.09329021,-4.674955693
10.9274305,7.52035645
11.74558587,4.519093125
1.46750361,-4.827394782
-7.850510987,-6.294059332
-4.563931483,7.251946265
11.11950403,-4.721272536
12.54848452,2.598129363
4.155039905,-3.514746306
-6.224224078,5.992645468
3.77836881,6.320098078
-5.111950117,-9.302439458
4.549462436,5.811200122
4.491958955,-10.45484487
-6.282572969,6.249754076
6.974795342,-9.401007782
0.149119217,-10.90553292
2.253529472,7.052879687
-5.307899346,-9.056101502
-9.313206293,-2.508225971
0.959967419,7.808286641
2.079132603,-4.656059275
12.52619424,-1.460790632
-7.672170901,-6.280174467
-4.760294087,-9.420461923
10.1258486,8.532942008
4.689545126,5.274721278
-7.367943395,-7.283870877
-2.256551235,-10.46902685
-4.361984154,-9.65041251
4.448151374,5.449256457
11.45952196,6.310161325
-3.181459692,7.518814741
1.028165811,-4.870767471
3.238718052,-10.73933893
4.24821095,12.88166534
0.6347747,-11.07048412
-8.343957168,-5.281713037
6.071220633,2.924433287
-4.760623541,6.961485481
-1.028292942,7.816209518
-1.644071919,7.839162227
8.187419741,10.63274846
10.91716746,7.240600362
-7.223695286,5.112045941
2.153688169,7.346702733
-6.586128443,-7.846713118
2.013270882,-4.629846692
-2.56253751,-10.3659802
-6.053140199,-8.279889899
5.60455972,-10.23670919
1.824250405,-4.649573807
0.905999053,-4.855638028
1.301864909,-4.923277419
-7.490403646,-6.636292357
-1.320254191,8.065045447
-7.213550545,4.896197671
12.48345469,2.364196239
1.943213389,-4.768607522
-9.11587183,-3.553086953
5.385160266,4.428929149
-3.740378597,-9.966091132
2.411550511,7.140898679
-6.930580222,5.09922882
7.874100843,-8.972454026
-6.92971588,5.206779706
-2.060029992,7.856914137
10.66021301,7.704951445
-6.457920579,5.876756406
-6.286877375,6.001604322
-8.823919087,2.192228382
4.372380518,5.923458524
5.794853495,-1.27449274
12.11471668,-2.725930944
5.324150785,4.787040701
-7.493278125,5.006899174
2.522454915,13.64205977
-8.580891054,-5.116857538
11.82858299,-2.973559069
-6.451171795,-8.081096786
5.125797216,-2.812674826
-7.888574897,4.087314133
-9.447714463,-2.206058095
1.224484144,-4.918173818
2.058344039,13.89585917
10.620597,7.588647139
12.24913679,-1.969881554
9.231380347,9.894645357
4.451963208,5.682489702
9.288380712,-7.361582313
-6.822657637,-7.634919723
2.873473357,-4.707689314
11.05704421,7.176842995
4.431198207,-3.53760973
9.116696282,9.940343246
2.569061582,13.73538439
-3.994141682,-9.835358592
7.87323799,-8.501737896
1.318165109,-4.868721292
3.115284888,-10.79464958
5.924917798,3.094790576
6.312367693,0.021365163
-1.740394879,7.903657081
-9.36371873,-1.136075012
-1.467425878,7.797067748
5.975091056,-9.946497471
5.807627204,-1.632627906
8.606930292,-8.322559652
6.036866989,3.070505865
11.06514196,7.122977447
1.143122568,-4.778531197
9.655085705,9.07624328
4.614736547,-3.307835481
3.619551143,-3.921429596
7.412325891,-8.959943014
6.085057629,-0.273126164
-7.987994217,3.867259454
-4.67417957,-9.444539779
4.670038657,-3.242094502
0.215740093,7.891557878
5.374721222,4.511026069
4.449679176,13.27544035
0.153497522,-11.12516279
4.766790363,4.963940244
0.793346971,-11.10917048
-8.663955711,-4.419014574
12.52970204,-0.440557608
-8.702468109,2.529653807
-1.792912197,-10.70511604
8.012274113,10.75899362
0.358266595,-4.685229635
2.125591297,-4.704919821
2.830271217,6.811283402
6.256229325,-0.257566915
4.953424776,-10.39349463
12.05460698,-3.155552349
3.023329488,-4.36766985
-5.984126121,-8.570706896
-9.42419111,-0.770126578
-1.853737966,-10.90647041
-3.56848855,-10.17786248
-4.903971994,6.831448707
0.654643133,-4.861886123
9.88863386,-6.910440351
1.033821795,-11.18812002
1.644801246,-11.06800671
-8.199963742,3.408534347
4.543731628,-3.186574391
-9.54336108,-1.599734845
1.549972127,-11.16816736
2.194859951,-11.01864317
4.908839044,-10.16006558
-5.808613447,-8.668183575
5.936710819,-1.371158406
-4.098160039,-9.678499564
6.192294822,-0.781322874
-8.589875905,3.327005964
6.323644407,0.278331985
2.963556047,6.963339491
-7.418959816,4.659440449
-0.720334662,8.023228671
4.930108069,-10.44405536
-8.866725134,2.824629313
12.58100964,-0.021273454
-6.176977411,-8.167204405
6.158098748,-9.666120871
8.663066085,10.10818938
2.188214495,-11.01298578
0.222469917,-4.970711913
9.904163938,8.889753842
-6.688726455,5.643164894
2.968907538,-4.214864057
9.200208692,9.70017222
12.48855858,-0.143240819
6.537981522,1.063474709
11.46114476,6.122757184
1.386242428,7.375059764
11.60051781,5.372876911
6.245289635,1.104300412
8.301969025,-8.215888163
6.37250076,0.751525797
5.130904654,-2.625833349
12.64841127,0.171262253
-4.185763787,-9.939249263
-5.813668988,-8.814497893
-1.048575067,-10.83280531
-7.794726302,4.36198874
5.308079963,-2.197396636
0.848036701,-11.10445323
5.222941268,-2.506326736
11.95206843,4.696243538
7.29192212,11.34067341
6.625989748,11.96328066
2.217271174,-4.759672707
-9.498731127,-1.140947294
9.884035675,-6.877279846
3.152365046,6.756207106
-2.116563765,7.789250059
12.2231277,-2.794878272
10.22502787,8.396463613
3.619975486,-3.901384558
9.79880403,9.123946923
0.411536303,-11.03883525
8.35092331,10.51417564
2.624187214,13.66473762
10.52978684,7.905079147
1.916461541,7.371316406
-4.718643509,-9.581652711
-5.181504086,6.852252048
1.103634262,-11.01254802
5.944306233,-1.283280056
-9.500032092,-2.424346273
2.392816862,-11.0841052
0.023101248,-11.0579384
6.29055491,-0.136238393
9.210606391,-7.400544044
4.869141845,5.266957866
12.55913092,3.157780713
4.652189941,-3.28304251
-9.436616133,-3.071624379
7.792515152,11.30894733
11.69632444,-3.754626851
12.73832164,-0.219488894
6.453899355,0.33908307
0.70096443,7.699107584
5.797480908,-9.984241827
6.228208266,2.03738108
6.183832889,0.998979369
-4.366499193,-9.585123117
4.862860055,5.256595238
5.390889411,-2.403281294
-4.581712888,-9.505861144
11.98548741,4.955681198
-4.504394282,7.138454187
-3.80031079,7.361434106
3.932611198,-10.41612169
-3.852128472,7.276672465
2.586807899,-4.440659292
-3.723796402,7.454049824
-0.453036836,8.116857207
-1.857682862,-10.70187161
-0.811767805,7.910303381
-9.008113792,-3.678065614
2.940166788,-4.396737398
12.59679481,-0.301290081
-9.389791532,-2.173129323
12.23647747,4.497554002
6.317292206,1.399663579
2.492195743,7.133639167
-3.185138377,-10.14875701
11.99218012,-2.603779477
10.55452579,-5.946956287
12.60775634,0.436540903
5.030097296,4.898337574
1.75487843,-4.636654755
-9.405561708,-1.632645379
6.328422333,12.18463192
3.210522578,-10.80135745
0.256594192,-11.05862204
6.235895872,2.522955921
1.734469505,7.379437749
3.833405092,6.026790621
-5.441244611,6.685913717
4.63201946,5.290381289
12.28201589,3.795638254
5.778642248,-1.568154925
7.924822429,10.97511
12.45286762,0.52554686
4.961310526,-2.802627935
-7.89894878,-6.200204208
8.718861702,-7.843870946
12.13804709,-2.225184394
-8.704837594,2.258834992
9.574181316,9.210857207
5.147528879,-2.447846773
5.569740399,-2.225006298
-7.364780723,4.75949852
4.439703619,-3.606092099
-4.375175537,7.090546012
0.936160471,7.593909979
1.674014818,-4.698297351
-5.73177209,6.574257941
-2.357148177,7.876262825
-7.411810086,4.67805426
6.04216124,-1.256527792
-5.988851765,6.222198108
8.342754002,-8.167632755
6.050846412,-0.933668227
-7.317686356,-7.158057589
12.26396586,-0.871098916
10.89775994,7.559411855
3.86897731,-3.853933389
5.398429787,4.438860109
5.243672268,-10.30447751
3.00964338,-4.368959653
-2.023214877,7.974446346
11.91090274,-3.323603651
-3.395865598,7.484798426
5.079417996,12.82113422
2.14323401,7.191254829
-7.90130956,4.173469764
12.61880492,-0.161712099
6.19103101,2.69381619
12.62429787,1.978622435
5.054647108,-2.78097034
8.562223999,-8.267748859
-2.764101555,-10.2402261
4.135906475,13.14192296
12.04189064,4.768035192
5.393707963,-2.574896067
5.675151106,-10.04247983
-2.735656635,7.759522813
11.39497261,-4.244267058
4.49329029,-10.41199486
3.904452557,13.19473597
-5.103403714,-9.055165851
-5.726898668,-8.847987961
-6.09669836,6.008021176
6.966981828,-9.287691345
5.301368148,-2.17430377
4.36306635,-10.379572
10.56927984,-5.704052538
6.328610256,-0.02699682
0.842618151,13.98565609
12.15216686,4.181832996
3.069546907,-4.365568134
-8.486720982,3.396272418
1.869911712,-11.03154223
6.52455672,1.171113746
5.359506325,4.577672471
6.578733796,-9.692133266
-5.41397099,6.644584222
12.5970236,-0.022824913
1.046022116,13.8351166
-6.177098457,-8.396132605
3.68151574,-4.016995458
5.940780381,3.426375005
-8.799775722,2.592078669
12.42983655,0.550728126
-9.285987157,0.866071427
2.194181484,7.368458093
8.954199597,9.826221658
3.92156778,-3.619046487
0.148257413,-4.742224835
12.555015,1.015306568
1.227851382,7.630039525
-8.940394897,-4.373475295
8.086930119,10.81917792
9.798023487,8.795856049
-7.498960073,4.569170778
6.21245051,1.844585429
6.473858088,-9.421525384
12.46331998,-0.439697683
6.437897099,12.05910336
8.553355462,10.2845848
-7.450213735,4.611317477
-7.505974732,4.486972642
12.4187221,3.545898777
6.208066667,-9.640932788
2.368778537,6.992802716
9.086517439,-7.602299431
-8.056849126,3.954209729
-6.555666172,5.823081793
-8.681871232,2.840576996
6.076413395,2.723645761
-8.782586601,-4.082141505
6.137921795,-0.585197795
12.6047257,1.845958542
6.338608652,1.238762175
11.37062093,-4.506411852
7.754907102,11.22443738
-8.472555267,-5.418307895
-9.25138123,-3.308724676
10.65535456,7.730360159
-5.964270455,6.205239362
4.855098145,5.272926432
5.429239617,-2.577572724
6.252250303,2.463062151
-8.938560003,-3.825721014
3.91719587,-3.762512803
-4.807634659,6.978635904
1.582377972,14.18312267
2.117656132,-4.644683364
-4.668813507,6.934919056
-1.124633567,-10.85437902
12.00724665,5.235381838
-9.458549176,-1.764536831
5.995112339,-0.923848049
5.178232825,12.74993316
5.228436744,-2.170875123
4.391727274,-3.445205244
-8.389002969,-5.400895303
2.763617576,-10.78398337
1.539067981,-5.033452001
2.590257528,-4.473860961
-6.760933473,-7.983613069
-9.139332422,-1.349911482
5.038936593,-2.973684136
-9.383568353,-1.858274866
2.383845004,-4.482954022
-9.497046496,-2.746387147
6.338399933,0.603927507
10.87938823,-5.486241312
3.418332309,6.625095975
4.057925995,-3.711920216
0.15952829,-10.93138197
2.772471539,13.63538831
-2.60498049,-10.41743811
2.896733331,-4.431305998
4.73102283,12.88149446
6.252674322,1.62716554
8.733113855,10.23063078
2.783965209,-4.536245396
-7.832779188,-6.36472267
5.742922385,3.779696195
-0.080291626,7.886996891
0.650760861,-4.709388884
10.04130562,-6.616032404
0.907331803,-4.695521977
8.399397483,-8.231006706
-7.22717756,-7.226457355
-9.185477033,-2.91495699
-9.574987066,-0.532086236
1.502484828,7.561917467
2.985126441,-4.36900146
-3.369492303,7.659424638
4.950325336,4.912351492
0.357731994,-10.83276813
-5.498058473,-8.897368276
11.29923746,6.636882485
-9.698426259,-1.711397773
-4.498224793,7.018233233
-0.75231713,7.805292973
-8.441717449,-5.358021705
8.566398859,-8.030474576
4.742043029,-10.24687186
5.177147239,-2.685668255
8.073412303,-8.50549603
2.186688243,-4.726048755
-9.39242266,-2.527070806
9.277840154,-7.563242178
12.0328767,-3.121920689
5.99750679,3.148571418
-8.794515497,-4.903592962
-8.410252413,3.117041719
8.096494242,-8.400440416
12.27751008,3.740136469
11.70698142,-3.801916937
7.493494816,-8.861076963
-6.433259083,5.642219716
12.2750898,4.073136108
5.035166864,-3.106757099
-0.090027269,7.616195333
4.289245333,5.954503269
4.514379798,-3.348649267
-7.687782354,-6.742393911
-5.581752476,-8.669996928
4.885636984,5.151468016
-3.783671599,7.276205895
-2.827962586,7.788817493
-4.916244756,6.912556016
0.835626106,-4.795934728
2.909715235,-4.624277136
-9.205404131,1.138857304
5.103192502,4.960279525
1.368573024,-4.77027037
0.630816052,7.840234108
4.816889864,12.81897841
-8.33668567,3.640721457
6.051791381,2.859821429
-5.767753167,6.145643087
-6.079978454,-8.354961072
12.685605,2.714646219
5.458633833,4.112163687
5.765675702,-2.033299568
11.77162429,-3.715012821
-4.595913371,7.004519352
-5.431896414,-8.85075536
2.625035295,-4.745518994
2.71651276,7.069823237
-9.114934654,1.485172284
6.480181317,12.13552158
-2.686173091,7.821346475
3.715799264,-10.6719823
-2.749795287,-10.51526293
-9.515961156,-0.121421269
6.068708585,-0.876956625
2.647954885,-4.484618981
4.852763444,-10.32708314
2.187162064,-4.667591627
-6.421370276,6.007113165
2.133933664,13.74930238
-9.413810416,-2.599253343
5.678715254,4.023453711
-4.06361812,-9.53708663
-9.38794198,-2.053664562
12.29927514,3.941604688
8.559577193,10.29777506
12.24553376,-1.60189208
4.814011673,5.123497184
3.161577223,-11.05022484
0.799573536,7.621214192
3.219853168,13.60199973
3.533423058,-10.83003359
2.96047656,6.948520283
12.55163574,1.098658164
5.096967276,-2.504153769
4.763926971,5.379845953
-7.713516086,-6.489956418
5.910370143,3.212218281
4.857816688,5.180278291
9.266211683,-7.612078674
1.756278117,-4.772035827
3.830739518,-4.053045642
-2.364410304,7.715292992
10.01085792,-6.67695796
3.479715695,-10.71392005
2.299210159,7.299187192
5.132544876,4.826287091
-9.470880564,0.00462767
1.579101192,7.367392027
1.777972471,-4.670392882
-9.586328934,-2.429289969
0.204251746,7.781299226
5.166842047,12.77560778
4.932513206,-3.170529664
3.116905707,-4.506048008
0.279863359,14.17547889
3.792295386,-3.817478551
2.076410364,-11.06322586
11.81808667,5.692153016
11.99895898,-2.475808945
2.759420689,13.67332246
4.160989897,5.86117377
2.262681577,7.210579666
2.658696955,7.107373116
-3.365069226,7.651269473
-3.531406417,7.642701033
-9.435212258,-1.497222715
-5.761709003,-8.600553575
1.011442365,-4.735206774
0.065371718,-10.99311619
11.25576208,6.747089198
4.966340185,-2.843951039
0.726943987,-4.727091583
5.275949426,4.696893434
12.6350784,0.938663074
8.014917754,10.87521716
-6.463206272,-8.084704674
6.159052637,1.003362898
-8.547325485,-5.310371889
-0.702164369,7.729101364
-9.344553072,-3.197087022
12.60951115,-0.282525174
0.841146791,14.0180436
9.683053937,8.928445197
12.38247155,3.336367885
4.501476913,13.17491837
0.022136117,-4.776621948
-9.241274881,-3.137184585
-9.455824725,-3.025244032
-6.59151188,5.533402255
-9.24422097,1.343755977
2.320186055,-10.94557144
1.595528038,-11.11134847
10.94635806,-5.283023361
6.039916293,3.022070815
0.515170936,14.03444125
5.279850524,-2.40856524
11.57720701,-4.302270501
-4.901303044,-9.367115351
1.419957037,-4.738814964
1.98145209,-10.99254809
9.102617324,9.716924096
-1.998144761,7.659404829
-2.238054646,7.685681358
12.33353852,3.273882495
10.9971312,-5.299541556
-7.105042476,-7.377037318
4.007343936,-4.007847448
6.363725634,2.879537489
1.75409627,-11.21573351
5.654367142,4.33448267
4.264101419,-10.49775803
-3.663710593,7.384540355
12.37009876,-1.166051427
5.10673337,-2.613506928
5.171505095,4.74777307
11.35739816,6.611842516
4.880206324,5.102215109
5.4862759,4.294930004
-3.739211817,-9.844366292
-6.498941552,-7.852028662
6.953117149,11.79234998
10.52993508,-6.139622919
-0.219253537,-10.87925243
-6.009492141,6.240737157
6.473940067,1.113467771
4.635693898,-3.287641305
-9.634349694,-1.350063139
4.705538889,-10.42745591
-0.039129852,7.845409678
4.63615606,-10.45328665
5.056897062,4.931719269
0.72535211,14.14269709
4.322467429,5.777284796
-6.58175967,5.66000802
-7.265221558,-7.303803186
-9.278709864,0.534217236
-7.210592781,5.083861503
-6.970108872,-7.171683055
-6.757732957,-7.574911766
3.572904062,6.541694031
-1.620232772,7.962357895
-3.69500623,-10.24920743
4.328713644,5.808811175
5.726868966,-1.925044263
-2.64488511,8.081986831
6.922665183,11.5360703
4.041180285,-3.704088916
6.097411979,2.524805462
-9.507201585,-0.48655918
-4.075167014,-9.630573929
7.708344477,11.15521606
1.014900227,-4.881867291
-9.445314004,-0.678015464
-4.147362929,7.526474022
5.126670025,4.917177627
0.707710931,-11.05701599
5.641028409,3.865098767
-8.863672715,2.275073057
6.261562324,2.260447484
-9.174079741,1.770089336
-9.484141288,-2.425751234
11.56767266,-3.970788528
0.295540083,-4.822117092
2.711519418,-4.601546014
12.10646694,4.777397742
12.295122,-1.433297057
4.598714051,-3.290890484
2.542085317,13.67374524
1.193457313,-4.851118934
10.48080291,-5.948298394
-1.962908869,7.722212094
-7.263712138,4.944863382
-9.273225201,-3.345427238
3.535623166,6.555266328
8.367665992,-8.532827404
5.969246705,-0.974768068
-1.761094112,-10.60796433
-2.342539652,-10.57422596
5.209848343,12.77316856
-9.109369898,1.533842222
5.402136392,-2.318408387
1.386899716,-4.737564953
6.189418403,0.587517469
-2.699539621,-10.40718231
6.021688482,-0.67619565
2.737027311,13.70014867
5.394755222,-2.022637939
12.29261785,4.047553725
9.261025367,-7.451607389
-1.772861622,-10.77598837
0.621503625,-4.862417893
-8.531911885,3.331554641
-3.789464645,7.39644247
4.40224277,-3.507014281
6.247703309,-0.139871142
-9.340515162,0.611318602
10.97577002,-4.998731565
0.572943628,7.615585738
12.21466689,3.666221786
6.291478493,0.858455867
12.6220775,-0.869121946
5.833234586,3.826211288
6.058797817,3.121561268
1.861017031,-11.04645103
-7.081761119,5.116090252
-0.773860503,7.863538689
-8.915441668,-4.075711967
1.250169808,-4.781115728
12.84599459,0.833784381
-1.431002745,7.978201103
-1.991165892,7.993495745
2.607641205,-4.639847621
-4.325857212,7.192973415
-9.189363297,1.267058416
7.231430297,11.42555899
-1.071719262,-10.91242897
6.492161551,0.429769864
0.343782991,14.05286902
5.106190128,4.853402179
-2.897093155,-10.3843508
-9.151610022,-3.418546588
9.045556587,-7.564886957
12.1766047,4.019519887
-9.053895006,-4.040512138
-8.878653621,2.778504107
-5.747743385,-8.585473776
-6.561701417,5.63940826
11.88995463,-3.64299848
-5.398163485,-9.036361346
-8.853672,2.405136814
4.95534952,5.020102978
0.498048416,14.06968762
-7.490527584,-7.138951872
1.846764832,7.439385046
11.73956557,5.523796281
-6.552268548,5.6509422
-8.141241218,3.788290189
-8.335100552,-5.542002917
1.907143653,-4.673783301
-9.396758467,-1.347135301
-8.593363253,-5.123298217
-8.379978269,3.316008782
-6.482793087,5.704331627
5.774337592,-1.711316283
8.391270645,-8.414659386
0.834532099,-4.926715312
4.628948907,13.02634713
11.09304364,7.13481866
-1.165069706,7.862960084
6.694155487,11.92536298
1.313609623,7.663114307
12.1291615,4.938336538
-6.239913948,6.05106242
-8.707773459,2.93415424
-4.81991014,-9.546066025
7.977626269,10.73549787
-3.761648529,7.396759856
-7.54784202,-7.060304575
-6.064423931,6.393044291
-5.131216599,6.937716392
-6.888810384,5.56443271
3.33751832,-10.8817315
6.286100196,0.649013102
11.47662468,6.305848623
0.944901928,7.770036254
6.175728654,-9.760112709
5.612532795,4.124679612
5.106355822,-10.08185692
5.406865626,4.197969551
7.856833084,-8.60227857
0.793993239,-4.883996833
1.186160211,7.632860384
-4.746563685,-9.294588992
-6.98157646,-7.601236805
-4.488529685,-9.610368735
2.680646129,-4.433252435
-8.289610293,4.014718128
12.57965896,0.679321197
1.921610875,13.81985271
4.64919403,-3.149981082
2.491182694,-10.92052325
6.308560789,1.89976875
-1.762816747,-10.61934837
-4.877752809,-9.236469929
11.63974912,6.117874575
8.059200608,-8.290410893
6.096686779,0.865435695
8.761889684,10.26002026
11.76814744,5.073227472
4.862443908,12.79790566
11.04963938,7.012390613
-2.466059879,7.89178784
11.11821337,-4.752725737
-9.545237165,-1.667784441
3.942232394,-3.808672931
-8.407829322,-5.773879463
-9.428432084,0.259664467
-6.130313796,6.032935956
-6.685340033,5.383645334
5.714259924,-1.909119943
1.094299711,7.72086645
0.954880684,14.10306622
-1.82931162,-10.74265411
2.693804797,13.77848605
4.566940608,-10.59894453
11.41879131,-4.311331525
2.445727855,-10.9704655
2.555518279,-4.645751446
-2.828993157,-10.12684394
9.321871931,-7.337085763
9.712622836,9.199018749
-5.424563591,-8.92756574
9.566591695,-7.302206391
-4.720342882,6.837313208
-3.399279318,-10.25424911
12.08478291,-2.57168838
6.706854996,11.81094453
5.138050972,12.92299684
4.938907934,-2.940993435
5.449301215,4.526811174
3.161761587,13.43775243
-8.785875714,2.493199691
-8.327681092,3.565790607
4.710013981,12.91606541
0.658005208,-4.609439916
3.544032736,13.26883677
-8.495031334,3.004860862
-8.708923029,3.015082633
5.516276054,-2.254820018
6.197934038,-0.338823275
-9.389147808,0.945119706
-8.529465805,3.206394579
-9.404594168,-2.364850726
5.375470228,12.73446922
-0.058669953,-11.03213329
1.761128347,-11.16765007
0.937582619,-4.675859551
2.125033293,-4.525191672
5.968747847,-9.967230431
10.45603853,8.205488095
-6.421307005,-7.87163526
-9.347964322,-0.233845653
-6.964642019,5.347038016
6.011379881,-0.853206625
6.972963532,11.68062211
-8.13415754,3.94042187
7.186743905,-9.147717728
-9.067850193,2.0510541
4.979014295,-2.790560286
-8.780656026,2.608873256
10.57158961,-5.731466907
-2.255468256,7.745149272
12.22570045,3.317065903
4.952908664,5.284413357
5.734953917,3.833467343
-8.920653344,-4.249955774
-4.403298591,7.051670069
-5.64869272,6.43447234
-9.330691195,-2.572388092
-3.842028616,-10.00332
10.88962022,-5.676594836
1.120090125,-4.766357419
3.47287896,-4.03370538
0.078229751,-4.92669797
-3.086723083,-10.34457175
0.84121859,-4.712870678
6.012959733,-0.969156438
5.774472951,3.878603476
2.447048808,-4.580822115
8.719368047,-7.981735929
12.50605909,2.787920786
0.106504758,-4.852272777
8.848701683,9.874749618
6.323541653,-0.260519928
-1.019069915,8.036053607
-3.190447391,7.517482539
4.482778167,-3.242490176
12.02477543,4.130025854
4.131654904,-3.653326654
11.85926121,5.173283786
10.57082967,-5.885298221
-5.282511908,6.587823166
10.1041468,8.727790197
11.24990452,-4.462184362
5.143038105,4.544690907
-3.771167448,7.323037112
8.967408437,10.11114772
-4.875462082,-9.248252147
4.750208366,-3.204171925
12.37939451,-1.086764716
-2.832193892,-10.28207913
6.210230902,0.484478138
-9.422114691,-0.420408668
7.4994215,-8.962943076
1.519135342,7.410757874
6.04826321,-0.542022001
-9.462211695,-0.824000407
-0.45916981,-10.95043871
-9.404224666,-0.108076012
1.506603372,7.444215038
6.098344628,2.675737839
1.747949934,-4.779347388
-8.549619675,2.460079057
-8.965402777,-3.890527819
0.777900079,14.08262356
12.03802366,-2.959807966
1.723742646,-4.729545353
